{
    "size": [
        235,
        220
    ],
    "spawn_points": [
        [
            -64.64484405517578,
            24.471010208129883
        ],
        [
            -67.25457000732422,
            27.96375846862793
        ],
        [
            -87.62303161621094,
            12.967159271240234
        ],
        [
            -84.9327621459961,
            16.47465705871582
        ],
        [
            -103.17900085449219,
            -14.434906959533691
        ],
        [
            -106.64958953857422,
            -17.073978424072266
        ],
        [
            -110.9637451171875,
            59.68935775756836
        ],
        [
            -114.43209075927734,
            56.85029602050781
        ],
        [
            -111.120361328125,
            72.89886474609375
        ],
        [
            -114.58869934082031,
            70.05980682373047
        ],
        [
            -24.33677864074707,
            -57.78562545776367
        ],
        [
            -110.19779968261719,
            -9.84222412109375
        ],
        [
            -113.64817810058594,
            -14.281184196472168
        ],
        [
            -109.92955780029297,
            -23.42840576171875
        ],
        [
            -113.40350341796875,
            -25.76747703552246
        ],
        [
            -56.86616134643555,
            140.53555297851562
        ],
        [
            -54.34465789794922,
            137.05099487304688
        ],
        [
            3.0477840900421143,
            130.21006774902344
        ],
        [
            5.62622594833374,
            133.72601318359375
        ],
        [
            45.76567459106445,
            137.4599609375
        ],
        [
            48.546077728271484,
            140.9755401611328
        ],
        [
            99.38441467285156,
            -6.305729389190674
        ],
        [
            53.122718811035156,
            133.94662475585938
        ],
        [
            55.54227828979492,
            130.46006774902344
        ],
        [
            -52.07392120361328,
            100.18904876708984
        ],
        [
            -48.56741714477539,
            102.47919464111328
        ],
        [
            -52.07392120361328,
            63.53809356689453
        ],
        [
            -48.58211135864258,
            60.62824249267578
        ],
        [
            -41.66858673095703,
            89.7454833984375
        ],
        [
            -45.16095733642578,
            92.45532989501953
        ],
        [
            -15.148191452026367,
            69.71400451660156
        ],
        [
            -1.0131598711013794,
            69.71400451660156
        ],
        [
            98.8006591796875,
            82.8908462524414
        ],
        [
            14.130091667175293,
            69.71400451660156
        ],
        [
            6.006511211395264,
            66.28325653076172
        ],
        [
            -7.966956615447998,
            66.28325653076172
        ],
        [
            67.65974426269531,
            69.8227767944336
        ],
        [
            79.05529022216797,
            69.8227767944336
        ],
        [
            73.63292694091797,
            66.35848999023438
        ],
        [
            61.60259246826172,
            66.35848999023438
        ],
        [
            106.02881622314453,
            67.41998291015625
        ],
        [
            109.50276184082031,
            71.24378967285156
        ],
        [
            106.00283813476562,
            92.81285095214844
        ],
        [
            40.38964080810547,
            41.94549560546875
        ],
        [
            109.52326965332031,
            89.83672332763672
        ],
        [
            65.23527526855469,
            13.414804458618164
        ],
        [
            62.02554702758789,
            16.90589141845703
        ],
        [
            45.382850646972656,
            13.414804458618164
        ],
        [
            43.37312316894531,
            16.90922737121582
        ],
        [
            15.143111228942871,
            16.681333541870117
        ],
        [
            20.45281219482422,
            13.196090698242188
        ],
        [
            -20.11511993408203,
            16.749099731445312
        ],
        [
            -17.10540199279785,
            13.25745677947998
        ],
        [
            -0.7641560435295105,
            24.61313247680664
        ],
        [
            19.35021209716797,
            137.4599609375
        ],
        [
            -3.973867654800415,
            28.104215621948242
        ],
        [
            19.600942611694336,
            24.611188888549805
        ],
        [
            17.091217041015625,
            28.104215621948242
        ],
        [
            77.00810241699219,
            24.849666595458984
        ],
        [
            74.79875183105469,
            28.34353256225586
        ],
        [
            10.912545204162598,
            -57.40138626098633
        ],
        [
            7.4111151695251465,
            -60.89999771118164
        ],
        [
            106.51315307617188,
            -21.554595947265625
        ],
        [
            109.9569091796875,
            -27.333675384521484
        ],
        [
            30.018199920654297,
            133.94720458984375
        ],
        [
            109.94696807861328,
            -17.187952041625977
        ],
        [
            -6.554497718811035,
            137.2259521484375
        ],
        [
            -41.85398864746094,
            -30.438610076904297
        ],
        [
            -52.07392120361328,
            82.65496826171875
        ],
        [
            -28.581729888916016,
            140.53555297851562
        ],
        [
            -18.385923385620117,
            130.21006774902344
        ],
        [
            -9.875875473022461,
            -57.55167007446289
        ],
        [
            11.176283836364746,
            -64.39876556396484
        ],
        [
            -15.407496452331543,
            133.7284698486328
        ],
        [
            14.274852752685547,
            -67.89999389648438
        ],
        [
            -110.76443481445312,
            46.66007614135742
        ],
        [
            99.07855987548828,
            42.14179992675781
        ],
        [
            -78.03414916992188,
            12.967159271240234
        ],
        [
            -71.26968383789062,
            132.3148956298828
        ],
        [
            -41.66887664794922,
            48.905540466308594
        ],
        [
            -87.27606201171875,
            24.441530227661133
        ],
        [
            -5.78348970413208,
            -64.5486831665039
        ],
        [
            -27.800329208374023,
            -61.2840461730957
        ],
        [
            -27.16025161743164,
            137.04421997070312
        ],
        [
            52.78997039794922,
            69.8227767944336
        ],
        [
            -89.88578796386719,
            27.93427848815918
        ],
        [
            -66.79419708251953,
            12.99838924407959
        ],
        [
            106.01924896240234,
            50.86931228637695
        ],
        [
            21.630592346191406,
            140.97271728515625
        ],
        [
            -52.330810546875,
            -14.039613723754883
        ],
        [
            -64.10392761230469,
            16.505887985229492
        ],
        [
            -76.66610717773438,
            24.471010208129883
        ],
        [
            99.43485260009766,
            -19.65771484375
        ],
        [
            -25.51629638671875,
            24.613134384155273
        ],
        [
            -79.27583312988281,
            27.96375846862793
        ],
        [
